{
  "trigger": true,
  "modules": [
    "custom"
  ],
  "parentResource": "howdyCN",
  "functionName": "howdyCNPostConfirmation",
  "resourceName": "howdyCNPostConfirmation",
  "parentStack": "auth",
  "triggerEnvs": [],
  "triggerDir": "C:\\snapshot\\repo\\build\\node_modules\\@aws-amplify\\amplify-category-auth\\provider-utils\\awscloudformation\\triggers\\PostConfirmation",
  "triggerTemplate": "PostConfirmation.json.ejs",
  "triggerEventPath": "PostConfirmation.event.json",
  "roleName": "howdyCNPostConfirmation",
  "skipEdit": true,
  "enableCors": false
}