{
  "version": "1",
  "cognitoConfig": {
    "identityPoolName": "testAuthIdentityPool",
    "allowUnauthenticatedIdentities": false,
    "resourceNameTruncated": "howdyccff9b6a0",
    "userPoolName": "howdyCN",
    "autoVerifiedAttributes": [
      "email"
    ],
    "mfaConfiguration": "OFF",
    "mfaTypes": [
      "SMS Text Message"
    ],
    "smsAuthenticationMessage": "Your authentication code is {####}",
    "smsVerificationMessage": "Your verification code is {####}",
    "emailVerificationSubject": "Howdy Verification code",
    "emailVerificationMessage": "Welcome to Howdy! \n\nPlease enter the code below to continue setting up your Howdy account: {####}\n\nThank you for trying our messaging app -- a tool that enables real communication with your team. We're here to help you every step of the way, so contact us if you have any questions.\n\n",
    "defaultPasswordPolicy": false,
    "passwordPolicyMinLength": 6,
    "passwordPolicyCharacters": [],
    "requiredAttributes": [
      "name"
    ],
    "aliasAttributes": [],
    "userpoolClientGenerateSecret": false,
    "userpoolClientRefreshTokenValidity": 30,
    "userpoolClientWriteAttributes": [],
    "userpoolClientReadAttributes": [],
    "userpoolClientLambdaRole": "howdyCcff9b6a0_userpoolclient_lambda_role",
    "userpoolClientSetAttributes": false,
    "sharedId": "cff9b6a0",
    "resourceName": "howdyCN",
    "authSelections": "identityPoolAndUserPool",
    "serviceName": "Cognito",
    "useDefault": "manual",
    "userPoolGroups": false,
    "userPoolGroupList": [],
    "adminQueries": false,
    "thirdPartyAuth": false,
    "authProviders": [],
    "usernameCaseSensitive": false,
    "useEnabledMfas": true,
    "authRoleArn": {
      "Fn::GetAtt": [
        "AuthRole",
        "Arn"
      ]
    },
    "unauthRoleArn": {
      "Fn::GetAtt": [
        "UnauthRole",
        "Arn"
      ]
    },
    "breakCircularDependency": true,
    "dependsOn": [
      {
        "category": "function",
        "resourceName": "howdyCNPostConfirmation",
        "triggerProvider": "Cognito",
        "attributes": [
          "Arn",
          "Name"
        ]
      }
    ],
    "triggers": {
      "PostConfirmation": [
        "custom"
      ]
    },
    "hostedUI": false,
    "parentStack": {
      "Ref": "AWS::StackId"
    },
    "authTriggerConnections": "[\n  {\n    \"triggerType\": \"PostConfirmation\",\n    \"lambdaFunctionName\": \"howdyCNPostConfirmation\"\n  }\n]",
    "permissions": []
  }
}